{
  "name": "adapt-contrib-mcq",
  "version": "2.0.5",
  "framework": "^2.0.11",
  "homepage": "https://github.com/adaptlearning/adapt-contrib-mcq",
  "issues": "https://github.com/adaptlearning/adapt_framework/issues/new?title=contrib-mcq%3A%20please%20enter%20a%20brief%20summary%20of%20the%20issue%20here&body=please%20provide%20a%20full%20description%20of%20the%20problem,%20including%20steps%20on%20how%20to%20replicate,%20what%20browser(s)/device(s)%20the%20problem%20occurs%20on%20and,%20where%20helpful,%20screenshots.",
  "displayName": "Multiple Choice Question",
  "component": "mcq",
  "description": "A multiple choice question component",
  "main": "/js/adapt-contrib-mcq.js",
  "keywords": [
    "adapt-plugin",
    "adapt-component"
  ],
  "license": "GPLv3",
  "_release": "2.0.5",
  "_resolution": {
    "type": "version",
    "tag": "v2.0.5",
    "commit": "9182904617215c2f065ab71bffa4b7513fd8c665"
  },
  "_source": "git://github.com/adaptlearning/adapt-contrib-mcq.git",
  "_target": "~2.0.5",
  "_originalSource": "adapt-contrib-mcq",
  "_direct": true
}