{
  "name": "adapt-contrib-vanilla",
  "version": "2.0.3",
  "framework": "^2.0.0",
  "homepage": "https://github.com/adaptlearning/adapt-contrib-vanilla",
  "issues": "https://github.com/adaptlearning/adapt_framework/issues/new?title=contrib-vanilla%3A%20please%20enter%20a%20brief%20summary%20of%20the%20issue%20here&body=please%20provide%20a%20full%20description%20of%20the%20problem,%20including%20steps%20on%20how%20to%20replicate,%20what%20browser(s)/device(s)%20the%20problem%20occurs%20on%20and,%20where%20helpful,%20screenshots.",
  "displayName": "Vanilla",
  "theme": "vanilla",
  "description": "A core bundled theme",
  "main": "js/vanilla.js",
  "keywords": [
    "adapt-plugin",
    "adapt-theme"
  ],
  "license": "GPLv3",
  "ignore": [
    "**/.*",
    "node_modules",
    "bower_components",
    "test",
    "tests"
  ],
  "_release": "2.0.3",
  "_resolution": {
    "type": "version",
    "tag": "v2.0.3",
    "commit": "e3d9d2cb30414982c3b3ece5e0686f00556442d2"
  },
  "_source": "git://github.com/adaptlearning/adapt-contrib-vanilla.git",
  "_target": "~2.0.3",
  "_originalSource": "adapt-contrib-vanilla",
  "_direct": true
}