{
  "name": "adapt-contrib-assessmentResults",
  "version": "2.0.6",
  "framework": "^2.0.0",
  "homepage": "https://github.com/adaptlearning/adapt-contrib-assessmentResults",
  "issues": "https://github.com/adaptlearning/adapt_framework/issues/new?title=contrib-assessmentResults%3A%20please%20enter%20a%20brief%20summary%20of%20the%20issue%20here&body=please%20provide%20a%20full%20description%20of%20the%20problem,%20including%20steps%20on%20how%20to%20replicate,%20what%20browser(s)/device(s)%20the%20problem%20occurs%20on%20and,%20where%20helpful,%20screenshots.",
  "displayName": "Assessment Results",
  "component": "assessmentResults",
  "description": "A component used to display a single assessment's results",
  "main": "/js/adapt-contrib-assessmentResults.js",
  "keywords": [
    "adapt-plugin",
    "adapt-component"
  ],
  "license": "GPLv3",
  "_release": "2.0.6",
  "_resolution": {
    "type": "version",
    "tag": "v2.0.6",
    "commit": "09ca2ad7e2af9787b3f528d61e6f90a6a4853803"
  },
  "_source": "git://github.com/adaptlearning/adapt-contrib-assessmentResults.git",
  "_target": "~2.0.6",
  "_originalSource": "adapt-contrib-assessmentResults",
  "_direct": true
}