{
  "name": "adapt-contrib-assessment",
  "version": "2.0.6",
  "framework": "^2.0.0",
  "homepage": "https://github.com/adaptlearning/adapt-contrib-assessment",
  "issues": "https://github.com/adaptlearning/adapt_framework/issues/new?title=contrib-assessment%3A%20please%20enter%20a%20brief%20summary%20of%20the%20issue%20here&body=please%20provide%20a%20full%20description%20of%20the%20problem,%20including%20steps%20on%20how%20to%20replicate,%20what%20browser(s)/device(s)%20the%20problem%20occurs%20on%20and,%20where%20helpful,%20screenshots.",
  "displayName": "Assessment",
  "extension": "assessment",
  "description": "An extension which attaches to an article object to group various question components and provide a score with feedback",
  "main": "/js/adapt-assessmentArticleExtension.js",
  "keywords": [
    "adapt-plugin",
    "adapt-extension"
  ],
  "license": "GPLv3",
  "targetAttribute": "_assessment",
  "_release": "2.0.6",
  "_resolution": {
    "type": "version",
    "tag": "v2.0.6",
    "commit": "2777eb598625a53df37cc90f0ed118a6b670ea95"
  },
  "_source": "git://github.com/adaptlearning/adapt-contrib-assessment.git",
  "_target": "~2.0.6",
  "_originalSource": "adapt-contrib-assessment",
  "_direct": true
}