{
  "name": "adapt-contrib-matching",
  "version": "2.0.4",
  "framework": "^2.0.0",
  "homepage": "https://github.com/adaptlearning/adapt-contrib-matching",
  "issues": "https://github.com/adaptlearning/adapt_framework/issues/new?title=contrib-matching%3A%20please%20enter%20a%20brief%20summary%20of%20the%20issue%20here&body=please%20provide%20a%20full%20description%20of%20the%20problem,%20including%20steps%20on%20how%20to%20replicate,%20what%20browser(s)/device(s)%20the%20problem%20occurs%20on%20and,%20where%20helpful,%20screenshots.",
  "description": "A question component that allows the learner to match the options to question stems",
  "main": "/js/adapt-contrib-matching.js",
  "displayName": "Matching Question",
  "component": "matching",
  "keywords": [
    "adapt-plugin",
    "adapt-component"
  ],
  "license": "GPLv3",
  "_release": "2.0.4",
  "_resolution": {
    "type": "version",
    "tag": "v2.0.4",
    "commit": "0a9cf122249cd484b0a9e2e1001e3d853cdf9245"
  },
  "_source": "git://github.com/adaptlearning/adapt-contrib-matching.git",
  "_target": "~2.0.4",
  "_originalSource": "adapt-contrib-matching",
  "_direct": true
}