   {
        "_id":"co-05",
        "_parentId":"course",
        "_type":"page",
        "_classes":"",
        "title":"Welcome to Adapt Learning",
        "displayTitle":"Welcome to Adapt Learning",
        "body":"This page contains a working Adapt page with all core bundled components and plugins working.",
        "_graphic": {
            "alt": "Welcome to Adapt Learning",
            "src": "course/en/images/origami-menu-one.jpg"
        },
        "linkText":"View",
        "duration":"2 mins"
    }