{
  "name": "adapt-contrib-resources",
  "version": "2.0.4",
  "framework": "^2.0.0",
  "homepage": "https://github.com/adaptlearning/adapt-contrib-resources",
  "issues": "https://github.com/adaptlearning/adapt_framework/issues/new?title=contrib-resources%3A%20please%20enter%20a%20brief%20summary%20of%20the%20issue%20here&body=please%20provide%20a%20full%20description%20of%20the%20problem,%20including%20steps%20on%20how%20to%20replicate,%20what%20browser(s)/device(s)%20the%20problem%20occurs%20on%20and,%20where%20helpful,%20screenshots.",
  "displayName": "Resources",
  "extension": "resources",
  "description": "An extension to allow learners to view resources",
  "main": "/js/adapt-contrib-resources.js",
  "keywords": [
    "adapt-plugin",
    "adapt-extension"
  ],
  "license": "GPLv3",
  "targetAttribute": "_resources",
  "_release": "2.0.4",
  "_resolution": {
    "type": "version",
    "tag": "v2.0.4",
    "commit": "bcbea7321d22d465dcfe3d6e70b51b485facad0b"
  },
  "_source": "git://github.com/adaptlearning/adapt-contrib-resources.git",
  "_target": "~2.0.4",
  "_originalSource": "adapt-contrib-resources",
  "_direct": true
}