[
	{
		"_id": "a-15",
		"_parentId": "co-15",
		"_type": "article",
		"_classes": "",
		"title": "a-15",
		"displayTitle": "",
		"body": "",
		"_assessment": {
			"_isEnabled": true,
			"_id": "a-15",
			"_isPercentageBased": true,
			"_scoreToPass": 80,
			"_includeInTotalScore": true,
			"_assessmentWeight": 1,
			"_banks": {
				"_isEnabled": false,
				"_split": "2,1",
				"_randomisation": false
			},
			"_questions": {
				"_resetType": "hard",
				"_canShowFeedback": true,
				"_canShowMarking": false,
				"_canShowModelAnswer": false
			},
			"_isResetOnRevisit": true,
			"_attempts": "infinite"
		},
		"_trickle": {
			"_isEnabled": true
		}
	},
	{
		"_id": "a-20",
		"_parentId": "co-15",
		"_type": "article",
		"_classes": "",
		"title": "a-20",
		"displayTitle": "",
		"body": ""
	}
]
