[
    {
        "_id": "b-70",
        "_parentId": "a-15",
        "_type": "block",
        "_classes": "",
        "title": "b-70",
        "displayTitle": "",
        "body": "",
        "_trickle": {
            "_isEnabled": true,
            "_duration": 500,
            "_autoScroll": true,
            "_button": {
                "_isEnabled": true,
                "_styleBeforeCompletion": "hidden",
                "_styleAfterClick": "hidden",
                "_isFullWidth": true,
                "_autoHide": true,
                "_className": "",
                "text": "Continue",
                "finalText": "Finish",
                "_component": "trickle-button"
            },
            "_stepLocking": {
                "_isEnabled": true,
                "_isCompletionRequired": true,
                "_isLockedOnRevisit": false
            },
            "_scrollTo": "@block +1"
        },
        "_trackingId": 12
    },
    {
        "_id": "b-80",
        "_parentId": "a-15",
        "_type": "block",
        "_classes": "",
        "title": "b-80",
        "displayTitle": "",
        "body": "",
        "_trickle": {
            "_isEnabled": true,
            "_duration": 500,
            "_autoScroll": true,
            "_button": {
                "_isEnabled": true,
                "_styleBeforeCompletion": "hidden",
                "_styleAfterClick": "hidden",
                "_isFullWidth": true,
                "_autoHide": true,
                "_className": "",
                "text": "Continue",
                "finalText": "Finish",
                "_component": "trickle-button"
            },
            "_stepLocking": {
                "_isEnabled": true,
                "_isCompletionRequired": true,
                "_isLockedOnRevisit": false
            },
            "_scrollTo": "@block +1"
        },
        "_trackingId": 14
    },
    {
        "_id": "b-85",
        "_parentId": "a-15",
        "_type": "block",
        "_classes": "",
        "title": "b-85",
        "displayTitle": "",
        "body": "",
        "_trickle": {
            "_isEnabled": true,
            "_duration": 500,
            "_autoScroll": true,
            "_button": {
                "_isEnabled": true,
                "_styleBeforeCompletion": "hidden",
                "_styleAfterClick": "hidden",
                "_isFullWidth": true,
                "_autoHide": true,
                "_className": "",
                "text": "Continue",
                "finalText": "Finish",
                "_component": "trickle-button"
            },
            "_stepLocking": {
                "_isEnabled": true,
                "_isCompletionRequired": true,
                "_isLockedOnRevisit": false
            },
            "_scrollTo": "@block +1"
        },
        "_trackingId": 15
    },
    {
        "_id": "b-90",
        "_parentId": "a-15",
        "_type": "block",
        "_classes": "",
        "title": "b-90",
        "displayTitle": "",
        "body": "",
        "_trickle": {
            "_isEnabled": true,
            "_duration": 500,
            "_autoScroll": true,
            "_button": {
                "_isEnabled": true,
                "_styleBeforeCompletion": "hidden",
                "_styleAfterClick": "hidden",
                "_isFullWidth": true,
                "_autoHide": true,
                "_className": "",
                "text": "Continue",
                "finalText": "Finish",
                "_component": "trickle-button"
            },
            "_stepLocking": {
                "_isEnabled": true,
                "_isCompletionRequired": true,
                "_isLockedOnRevisit": false
            },
            "_scrollTo": "@block +1"
        },
        "_trackingId": 16
    },
    {
        "_id": "b-95",
        "_parentId": "a-15",
        "_type": "block",
        "_classes": "",
        "title": "b-95",
        "displayTitle": "",
        "body": "",
        "_trickle": {
            "_isEnabled": true,
            "_duration": 500,
            "_autoScroll": true,
            "_button": {
                "_isEnabled": true,
                "_styleBeforeCompletion": "hidden",
                "_styleAfterClick": "hidden",
                "_isFullWidth": true,
                "_autoHide": true,
                "_className": "",
                "text": "Continue",
                "finalText": "Finish",
                "_component": "trickle-button"
            },
            "_stepLocking": {
                "_isEnabled": true,
                "_isCompletionRequired": true,
                "_isLockedOnRevisit": false
            },
            "_scrollTo": "@block +1"
        },
        "_trackingId": 17
    },
    {
        "_id": "b-100",
        "_parentId": "a-15",
        "_type": "block",
        "_classes": "",
        "title": "b-100",
        "displayTitle": "",
        "body": "",
        "_trickle": {
            "_isEnabled": true,
            "_duration": 500,
            "_autoScroll": true,
            "_button": {
                "_isEnabled": true,
                "_styleBeforeCompletion": "hidden",
                "_styleAfterClick": "hidden",
                "_isFullWidth": true,
                "_autoHide": true,
                "_className": "",
                "text": "Continue",
                "finalText": "Finish",
                "_component": "trickle-button"
            },
            "_stepLocking": {
                "_isEnabled": true,
                "_isCompletionRequired": true,
                "_isLockedOnRevisit": false
            },
            "_scrollTo": "@block +1"
        },
        "_trackingId": 18
    },
    {
        "_id": "b-105",
        "_parentId": "a-15",
        "_type": "block",
        "_classes": "",
        "title": "b-105",
        "displayTitle": "",
        "body": "",
        "_trickle": {
            "_isEnabled": true,
            "_duration": 500,
            "_autoScroll": true,
            "_button": {
                "_isEnabled": true,
                "_styleBeforeCompletion": "hidden",
                "_styleAfterClick": "hidden",
                "_isFullWidth": true,
                "_autoHide": true,
                "_className": "",
                "text": "Continue",
                "finalText": "Finish",
                "_component": "trickle-button"
            },
            "_stepLocking": {
                "_isEnabled": true,
                "_isCompletionRequired": true,
                "_isLockedOnRevisit": false
            },
            "_scrollTo": "@block +1"
        },
        "_trackingId": 19
    },
    {
        "_id": "b-106",
        "_parentId": "a-15",
        "_type": "block",
        "_classes": "",
        "title": "b-106",
        "displayTitle": "",
        "body": "",
        "_trickle": {
            "_isEnabled": true,
            "_duration": 500,
            "_autoScroll": true,
            "_button": {
                "_isEnabled": true,
                "_styleBeforeCompletion": "hidden",
                "_styleAfterClick": "hidden",
                "_isFullWidth": true,
                "_autoHide": true,
                "_className": "",
                "text": "Continue",
                "finalText": "Finish",
                "_component": "trickle-button"
            },
            "_stepLocking": {
                "_isEnabled": true,
                "_isCompletionRequired": true,
                "_isLockedOnRevisit": false
            },
            "_scrollTo": "@block +1"
        },
        "_trackingId": 20
    },
    {
        "_id": "b-110",
        "_parentId": "a-20",
        "_type": "block",
        "_classes": "",
        "title": "b-110",
        "displayTitle": "",
        "body": "",
        "_trackingId": 21
    }
]