{
    "_start": {
        "_isEnabled": true,
        "_startIds": [
            {
                "_id": "co-15",
                "_skipIfComplete": false
            }
        ],
        "_force": false
    },
    "_id": "course",
    "_type": "course",
    "title": "The Raddest Quiz",
    "displayTitle": "The Raddest Quiz",
    "description": "",
    "body": "",
    "_buttons": {
        "_submit": {
            "buttonText": "Submit",
            "ariaLabel": "Submit your answer by clicking here."
        },
        "_reset": {
            "buttonText": "Reset",
            "ariaLabel": "Reset the question by clicking here."
        },
        "_showCorrectAnswer": {
            "buttonText": "Correct answer",
            "ariaLabel": "Show the correct answer by clicking here."
        },
        "_hideCorrectAnswer": {
            "buttonText": "My answer",
            "ariaLabel": "Show the answer you gave by clicking here."
        },
        "_showFeedback": {
            "buttonText": "Show feedback",
            "ariaLabel": "View the question feedback again by clicking here."
        },
        "remainingAttemptsText": "attempts remaining",
        "remainingAttemptText": "final attempt",
        "disabledAriaLabel": "This button is disabled at the moment."
    },
    "_globals": {
        "_components": {
            "_accordion": {
                "ariaRegion": "This component is an accordion comprised of collapsible content panels containing display text. Select the item titles to toggle the visibility of these content panels."
            },
            "_gmcq": {
                "ariaRegion": "This component is a graphical multiple choice question. Once you have selected an option select the submit button below."
            },
            "_graphic": {
                "ariaRegion": ""
            },
            "_hotgraphic": {
                "ariaRegion": "Below is a component which allows you to select hot spots over an image. Select a hot spot to trigger a popup that includes an image with display text. Select the close button to close the popup.",
                "ariaPopupLabel": "Hotgraphic popup"
            },
            "_matching": {
                "ariaRegion": "This question component requires you to select the matching answer from a drop down list below. When you have selected your answers select the submit button."
            },
            "_mcq": {
                "ariaRegion": "This component is a multiple choice question. Once you have selected an option select the submit button below"
            },
            "_media": {
                "ariaRegion": "This is a media component which plays a video. Select the play / pause button to watch or listen.",
                "transcriptButton": "Alternatively you can select the link below for the transcript."
            },
            "_narrative": {
                "ariaRegion": "This component displays an image gallery with accompanying text. Use the next and back navigation controls to work through the narrative."
            },
            "_slider": {
                "ariaRegion": "This component requires you to answer the question by selecting the relevant value. After selecting a value select the submit button below."
            },
            "_text": {
                "ariaRegion": ""
            },
            "_textinput": {
                "ariaRegion": "This question component requires you to input your answer in the textbox provided. When you have answered the question select the submit button below."
            }
        },
        "_extensions": {
            "_pageLevelProgress": {
                "pageLevelProgress": "Page sections",
                "pageLevelProgressIndicatorBar": "Progress bar. Select here to view your current progress, and select an item to navigate to it. You have completed ",
                "pageLevelProgressMenuBar": "You have completed ",
                "pageLevelProgressEnd": "You have reached the end of the list of page sections.",
                "optionalContent": "Optional Content"
            }
        },
        "_menu": {
            "_boxmenu": {
                "ariaRegion": "Menu",
                "durationLabel": "Duration:",
                "menuItem": "Menu item.",
                "menuEnd": "You have reached the end of the menu."
            }
        },
        "_accessibility": {
            "accessibilityToggleTextOn": "Turn accessibility on?",
            "accessibilityToggleTextOff": "Turn accessibility off?",
            "_accessibilityInstructions": {
                "touch": "Usage instructions. Use swipe right for next. Use swipe left for previous. Use a double tap to select. Use a two finger slide up to go to the top of the page.",
                "notouch": "Usage instructions. Use tab for next. Use shift tab for previous. Use enter to select. Use escape to go to the top of the page.",
                "ipad": "Usage instructions for touchscreens. Use swipe right for next. Use swipe left for previous. Use a double tap to select. Use a two finger slide up to go to the top of the page. Usage instructions for keyboard access. Use right for next. Use left for previous. Use up and down together to select."
            },
            "_ariaLabels": {
                "navigation": "Course navigation bar",
                "menuLoaded": "Menu Loaded.",
                "menu": "Menu",
                "page": "Page",
                "pageLoaded": "Page Loaded.",
                "pageEnd": "You have reached the end of the page.",
                "previous": "Back",
                "navigationBack": "Navigate back",
                "navigationDrawer": "Open course resources.",
                "close": "Close",
                "closeDrawer": "Close Drawer",
                "closeResources": "Close resources",
                "resourcesEnd": "You have reached the end of the list of resources.",
                "drawerBack": "Back to drawer",
                "drawer": "Top of side drawer",
                "closePopup": "Close popup",
                "next": "Next",
                "done": "Done",
                "complete": "Completed",
                "incomplete": "Incomplete",
                "incorrect": "Incorrect",
                "correct": "Correct",
                "locked": "Locked",
                "accessibilityToggleButton": "By selecting this button you can set whether accessibility is turned on or off",
                "feedbackPopUp": "Popup opened.",
                "menuBack": "Back to menu",
                "visited": "Visited"
            }
        }
    },
    "_latestTrackingId": 21,
    "_pageLevelProgress": {
        "_isEnabled": true,
        "_altText": "of components completed on this page."
    },
    "_resources": {
        "_isEnabled": false,
        "title": "Resources",
        "description": "View resources for this course by clicking here.",
        "_filterButtons": {
            "all": "All",
            "document": "Document",
            "media": "Media",
            "link": "Link"
        },
        "_filterAria": {
            "allAria": "View all resources",
            "documentAria": "View document resources",
            "mediaAria": "View media resources",
            "linkAria": "View resource links"
        },
        "itemAriaExternal": "This content will open in a new window",
        "_resourcesItems": [
            {
                "_type": "document",
                "title": "Vanilla Theme Swatch",
                "description": "See the swatch for the default vanilla by clicking here.",
                "_link": "course/en/images/vanilla-swatch.jpg"
            },
            {
                "_type": "media",
                "title": "Adapt Learning YouTube Channel",
                "description": "Fancy catching up on some Adapt material? Click here.",
                "_link": "https://www.youtube.com/channel/UCW8SlSFuCc--B66Gf9fAEcQ"
            },
            {
                "_type": "link",
                "title": "Community Site",
                "description": "View our community site by clicking here.",
                "_link": "https://community.adaptlearning.org"
            }
        ]
    },
    "_assessment": {
        "_postTotalScoreToLms": true,
        "_isPercentageBased": true,
        "_scoreToPass": 80
    },
    "_bookmarking": {
        "_isEnabled": true,
        "_level": "block",
        "title": "Bookmarking",
        "body": "Would you like to continue where you left off?",
        "_buttons": {
            "yes": "Yes",
            "no": "No"
        }
    }
}